Subtype,Mean_Expression,Coefficient_of_Variation,Rank
HER2+,-0.3389969895687112,-478.02416537552557,1
Luminal_A,-0.6582213496954453,-236.26477330085768,2
Luminal_B,-0.8215342513036031,-203.01841423795267,3
Triple_Negative,-0.9494369679425657,-160.77932833833796,4
